"Id";"Designator";"Package";"Quantity";"Designation";"Supplier and ref";
1;"U4";"SOT223-6";1;"TPS73733DCQR";;;
2;"SW2";"SMALL_BUTTON";1;"PROGRAM";;;
3;"U2";"ESP-12E";1;"ESP-12E";;;
4;"BT1";"Pin_Header_Straight_1x02";1;"LiPO 1S";;;
5;"C1,C3,C5,C38";"C_0603";4;"0.1u";;;
6;"C2";"C_0603";1;"1.0u";;;
7;"C4";"TantalC_SizeA_EIA-3216_Wave";1;"4.7u";;;
8;"C6,C7";"C_0603";2;"4.7UF";;;
9;"C8,C9,C10";"C_0603";3;"1u";;;
10;"C12";"C_1210";1;"100uf";;;
11;"C13,C14,C15,C16,C17,C18,C19,C20,C21,C22,C23,C24,C25,C26,C27,C28,C29,C30,C31,C32,C33,C34,C35,C36,C37";"C_0603";25;"0.1uf";;;
12;"D1";"LED-1206";1;"CHARGE";;;
13;"P3";"USB_Micro-B";1;"USB_OTG";;;
14;"P4,P7";"Pin_Header_Straight_1x08";2;"CONN_01X08";;;
15;"P5,P6,P8";"Pin_Header_Straight_1x06";3;"CONN_01X06";;;
16;"R1";"R_0603";1;"2.4k";;;
17;"R2";"R_0603";1;"4.7K";;;
18;"R3";"R_0603";1;"750";;;
19;"R4";"R_0603";1;"10K";;;
20;"R5,R9";"R_0603";2;"10k";;;
21;"R6,R7";"R_0603";2;"27";;;
22;"R11";"R_0603";1;"470";;;
23;"R12";"R_0603";1;"2K";;;
24;"SW1";"SMALL_BUTTON";1;"RESET";;;
25;"U1";"QFN-28-1EP_5x5mm_Pitch0.5mm";1;"CP2102";;;
26;"U3";"SOT-23-5";1;"MCP73831T";;;
27;"D2";"LED-1206";1;"POWER";;;
28;"R14";"R_0603";1;"390";;;
29;"C39";"TantalC_SizeA_EIA-3216_Wave";1;"10uf";;;
30;"U6,U7,U8,U9,U10,U11,U12,U13,U14,U15,U16,U17,U18,U19,U20,U21,U22,U23,U24,U25,U26,U27,U28,U29,U30";"rgb_led_pth_spaced_leads";25;"WS8212-TH";;;
31;"Q1";"SOT-323";1;"RUU002N05";;;
