"Id";"Designator";"Package";"Quantity";"Designation";"Supplier and ref";
1;"REF**";"Symbol_OSHW-Logo_SilkScreen";1;"Symbol_OSHW-Logo_SilkScreen";;;
2;"REF**,REF**,REF**,REF**,REF**,REF**,REF**,REF**,REF**,REF**,REF**,REF**,REF**,REF**,REF**,REF**,REF**,REF**,REF**,REF**,REF**,REF**,REF**,REF**,REF**,REF**,REF**,REF**,REF**,REF**,REF**,REF**,REF**,REF**,REF**,REF**,REF**,REF**,REF**,REF**,REF**,REF**,REF**,REF**,REF**,REF**,REF**,REF**,REF**,REF**,REF**,REF**,REF**,REF**,REF**,REF**,REF**,REF**,REF**,REF**,REF**,REF**,REF**,REF**,REF**,REF**,REF**,REF**,REF**,REF**,REF**,REF**,REF**,REF**,REF**,REF**,REF**,REF**,REF**,REF**,REF**,REF**,REF**,REF**,REF**";"via";85;"via";;;
3;"U2";"ESP-12E";1;"ESP-12E";;;
4;"BT1";"Pin_Header_Straight_1x02";1;"LiPO 1S";;;
5;"C1,C3,C5,C11,C38";"C_0603";5;"0.1u";;;
6;"C2";"C_0603";1;"1.0u";;;
7;"C4";"TantalC_SizeA_EIA-3216_Wave";1;"4.7u";;;
8;"C6,C7";"C_0603";2;"4.7UF";;;
9;"C8,C9,C10";"C_0603";3;"10uf";;;
10;"C12";"C_1210";1;"100uf";;;
11;"C13,C14,C15,C16,C17,C18,C19,C20,C21,C22,C23,C24,C25,C26,C27,C28,C29,C30,C31,C32,C33,C34,C35,C36,C37";"C_0603";25;"0.1uf";;;
12;"D1";"LED-1206";1;"CHARGE";;;
13;"P3";"USB_Micro-B";1;"USB_OTG";;;
14;"P4,P7";"Pin_Header_Straight_1x08";2;"CONN_01X08";;;
15;"P5,P6,P8";"Pin_Header_Straight_1x06";3;"CONN_01X06";;;
16;"Q1";"SOT-23";1;"RK7002B";;;
17;"R1";"R_0603";1;"2.4k";;;
18;"R2";"R_0603";1;"4.7K";;;
19;"R3";"R_0603";1;"750";;;
20;"R4";"R_0603";1;"10K";;;
21;"R5,R8,R9,R10";"R_0603";4;"10k";;;
22;"R6,R7";"R_0603";2;"27";;;
23;"R11,R14";"R_0603";2;"470";;;
24;"R12";"R_0603";1;"2K";;;
25;"R13";"R_0603";1;"100k";;;
26;"SW1";"SMALL_BUTTON";1;"RESET";;;
27;"SW2";"SMALL_BUTTON";1;"PROGRAM";;;
28;"U1";"QFN-28-1EP_5x5mm_Pitch0.5mm";1;"CP2102";;;
29;"U3";"SOT-23-5";1;"MCP73831T";;;
30;"U5";"SOT-23";1;"MIC803";;;
31;"U6,U7,U8,U9,U10,U11,U12,U13,U14,U15,U16,U17,U18,U19,U20,U21,U22,U23,U24,U25,U26,U27,U28,U29,U30";"LED-RGB-5MM_Common_Cathode";25;"WS8212-TH";;;
32;"L1";"sdr0604";1;"1.5uH";;;
33;"U4";"VSON-10-1EP_2.5x2.5mm_Pitch0.5mm";1;"TPS63031";;;
34;"D2";"LED-1206";1;"POWER";;;
35;"C39";"TantalC_SizeA_EIA-3216_Wave";1;"10uf";;;
36;"G***";"LOGO";1;"LOGO";;;
37;"G***";"penguicon";1;"LOGO";;;
